List 1,List 2
开放性颅脑损伤特重型,Inj_Unintentional
24小时突然死亡,Musculoskeletal
3°房室传导阻滞,cvd
ANCA相关性血管炎,Musculoskeletal
COPD,Musculoskeletal
COPD急性加重期,Dis_Digestive
II型呼吸衰竭,Musculoskeletal
I型呼吸衰竭,Musculoskeletal
—,Musculoskeletal
Ⅱ型呼吸衰竭,Musculoskeletal
一个星期未进食,Musculoskeletal
一个月未进食,Musculoskeletal
一周未进食,Musculoskeletal
一周未进食原因不明确,Musculoskeletal
一周未进食后死亡,Musculoskeletal
一周未进食纳差,Musculoskeletal
一氧化碳中毒,Inj_Unintentional
一氧化碳的毒性效应,Inj_Unintentional
三度烧伤,Inj_Unintentional
上叶,Musculoskeletal
上叶支气管或肺,Inf_resp
上吊,Musculoskeletal
上吊窒息,Musculoskeletal
上呼吸道感引起肺炎,Inf_resp
上呼吸道感染,Inf_resp
上呼吸道感染致心力衰竭,Inf_resp
上呼吸道疾病,Musculoskeletal
上感,Musculoskeletal
上消化道出血,Dis_Digestive
上消化道出血?,Dis_Digestive
上消化道出血肝衰竭,Dis_Digestive
上消化道出血致失血性休克,Dis_Digestive
上消化道大出血,Musculoskeletal
上消化道岀血,Musculoskeletal
上消化道穿孔,Dis_Digestive
上消花道出血,Dis_Digestive
上消道出血,Dis_Digestive
上肢的其他损伤,Inj_Unintentional
下叶,Musculoskeletal
下呼吸道感染,Skin
下消化道出血,Dis_Digestive
下肢其他深部脉管的静脉炎和血栓性静脉炎,Inj_Unintentional
下肢其他骨折的后遗症,Musculoskeletal
下肢动脉栓塞和血栓形成,cvd
下肢动脉硬化闭塞症,cvd
下肢坏疽,Dis_Digestive
下肢开放性伤口,Musculoskeletal
下肢感染,Skin
下肢未特指的损伤,Inj_Unintentional
下肢深静脉及肾静脉栓塞,Inj_Unintentional
下肢溃疡,Skin
下肢皮肤感染致败血症,Skin
下肢静脉曲张伴有炎症,Musculoskeletal
下肢骨折水平闭合性,Musculoskeletal
不小心跌倒致骨盆骨折,Musculoskeletal
不慎摔倒致脑出血,cvd
不慎跌倒,Inj_Unintentional
不明,Musculoskeletal
不明原因,Musculoskeletal
不明原因发热,Musculoskeletal
不明原因死亡,Inj_Unintentional
不明原因老死,Musculoskeletal
不进食一周长期卧床,Musculoskeletal
不适和疲劳,Musculoskeletal
与人吵架后猝死,Musculoskeletal
两肺坠积性肺炎,Inf_resp
两肺多发性感染,Skin
两肺多发转移伴骨纵膈淋巴结转移,Inj_Unintentional
两肺感染,Skin
两肺支气管扩张伴感染,chronic_resp
两肺肺炎,Inf_resp
严重内环境紊乱,Inj_Unintentional
严重开放性胸腹部损伤,Inj_Unintentional
严重烧伤,Inj_Unintentional
严重贫血休克,Hemoglobinopathies_hemolytic
中叶,Musculoskeletal
中叶支气管或肺,Inf_resp
中暑,Musculoskeletal
中暑衰竭,Inj_Unintentional
中枢神经系统脱髓鞘病,Dis_Neurological
中毒,Inj_Unintentional
中毒性休克,Inj_Unintentional
中毒性休克综合征,Inj_Unintentional
中毒性肝病伴有胆汁郁积,Inj_Unintentional
中毒性菌痢,Inj_Unintentional
为交通事故或非交通事故,Inj_Transport
主动脉动脉壁夹层形成任何部分,cvd
主动脉夹层,cvd
主动脉夹层术后,Inj_Unintentional
主要影响心血管系统的其他和制剂,Inj_Unintentional
主要影响心血管系统的其他和未特指制剂中毒,Inj_Unintentional
主要影响自主神经系统的其他和的药物中毒,Inj_Unintentional
乏力纳差,Musculoskeletal
乙型呼吸衰竭,Musculoskeletal
乙型病毒性肝炎急性暴发,Dis_Digestive
乙型肝炎,Musculoskeletal
乳房,Gynecological
乳酸性酸中毒,Endocrinemetabolicimmune
二尖瓣置换术后“瓣周漏”,cvd
二氧化碳的毒性效应,Inj_Unintentional
亚急性硬化性全脑炎,Inf_other
交通意外多发性颅脑损伤,Inj_Unintentional
产后大出血,Maternal
仅腓骨骨折,Musculoskeletal
从椅子上跌落,Inj_Unintentional
从高处跌落、跳下或被推下,Inj_Unintentional
从高处跌落跳下,Inj_Unintentional
他杀,Musculoskeletal
代偿性酸中毒,Endocrinemetabolicimmune
代谢性酸中毒,Endocrinemetabolicimmune
休克,Musculoskeletal
休克原因待查：心源性？低血容量性,Inj_Unintentional
伤到头部,Skin
伴纵膈广泛转移,Musculoskeletal
伴肝肾转移,Musculoskeletal
伴肝胸椎转移,Musculoskeletal
伴肝转移,Musculoskeletal
伴骨转移,Musculoskeletal
低蛋白血症,Endocrinemetabolicimmune
低血糖,Endocrinemetabolicimmune
低血糖性昏迷,Endocrinemetabolicimmune
低血糖昏迷,Endocrinemetabolicimmune
低血糖昏迷性脑病,Endocrinemetabolicimmune
低血糖症,Endocrinemetabolicimmune
低钠.低氯血症,Endocrinemetabolicimmune
低钠低氯低钾血症,Musculoskeletal
低钠血症,Musculoskeletal
低钾低钠低氯血症,Endocrinemetabolicimmune
低钾血症,Musculoskeletal
体液过多,Endocrinemetabolicimmune
佝偻病,Musculoskeletal
你溺水,Musculoskeletal
依法处以死刑,Musculoskeletal
侵入性肺曲霉病,Musculoskeletal
便秘,Musculoskeletal
偏头痛,Dis_Neurological
偏瘫,Inj_Unintentional
充血性心力衰竭,cvd
先天性心脏病,Congenitalbirthdefects
先天性气管麻痹,Congenitalbirthdefects
先天性脑发育不全,Congenitalbirthdefects
先天性血管病,Congenitalbirthdefects
免疫性脑炎,Inf_other
入脑损伤,Musculoskeletal
全身器官衰竭,Inj_Unintentional
全身器官衰竭综合症,Inj_Unintentional
全身多功能器官衰竭,Inj_Unintentional
全身多器官功能衰竭症,Inj_Unintentional
全身多器官衰竭,Inj_Unintentional
全身多处烧伤感染,Inj_Unintentional
全身多脏器功能衰竭,Inj_Unintentional
全身性和的动脉粥样硬化,cvd
全身感染,Skin
全身机能衰退,Endocrinemetabolicimmune
全身脏器功能衰减,Endocrinemetabolicimmune
全身脏器衰竭,Inj_Unintentional
关节置换术后并发症,Inj_Unintentional
其他事故的后遗症,Inj_Transport
其他休克,Inj_Unintentional
其他动脉的栓塞和血栓形成,cvd
其他原因不明确和原因的死亡,Inj_Unintentional
其他原因不明确和未特指原因的死亡,Inj_Unintentional
其他和未特指的心脏搏动异常,Inj_Unintentional
其他和未特指的腹痛,Inj_Unintentional
其他和未特指的致幻药[致幻剂]中毒,Inj_Unintentional
其他和未特指的药物、药剂和生物制品中毒,Inj_Unintentional
其他和未特指运输事故的后遗症,Inj_Transport
其他和的呼吸异常,Congenitalbirthdefects
其他和的肝硬变,Dis_Digestive
其他和的腹痛,Musculoskeletal
其他和的药物药剂和生物制品的中毒及暴露于该类药物意图不确定的家,Inj_Unintentional
其他器官和系统的功能检查的异常结果,Inj_Unintentional
其他固体和液体引起的肺炎,Inf_resp
其他大便异常,Congenitalbirthdefects
其他巨幼细胞性贫血,Hemoglobinopathies_hemolytic
其他巨细胞病毒病,Musculoskeletal
其他心肌病,cvd
其他急性肾衰竭,cvd
其他慢性病毒性肝炎,Dis_Digestive
其他拟副交感神经药胆碱能药中毒,Inj_Unintentional
其他排尿困难,Musculoskeletal
其他特指气体、烟雾和蒸气的毒性效应,Inj_Unintentional
其他特指的-般症状和体征,Inj_Unintentional
其他特指的上呼吸道疾病,Inj_Unintentional
其他特指的周围血管疾病,Inj_Unintentional
其他特指的呼吸性疾患,Inj_Unintentional
其他特指的心脏传导阻滞,cvd
其他特指的心脏心律失常,cvd
其他特指的胸膜情况,Inj_Unintentional
其他特指的脊椎病,Inj_Unintentional
其他特指的脓毒病,Inj_Unintentional
其他特指的败血症,Inj_Unintentional
其他特指的静脉栓塞和血栓形成,cvd
其他特指部位的静脉曲张,Inj_Unintentional
其他疾病,Musculoskeletal
其他的自发性气胸,Musculoskeletal
其他睡眠障碍,Inj_Unintentional
其他移植器官和组织的失败和排斥,Inj_Unintentional
其他类型的心脏病,cvd
其他糖蛋白代谢紊乱,Endocrinemetabolicimmune
其他肺曲霉病,Musculoskeletal
其他肺炎病原体,Inf_resp
其他脑内出血,Musculoskeletal
其他腹内器官损伤,Inj_Unintentional
其他节肢动物的毒液的毒性效应,Inj_Unintentional
其他进食障碍,Inj_Unintentional
其他部位的静脉炎和血栓性静脉炎,Inj_Unintentional
其他镇癫痫药和镇静催眠药中毒,Inj_Unintentional
其他间质性肺病伴有纤维化,Musculoskeletal
其他非感染性胃肠炎和结肠贺,Inj_Unintentional
其他颅内动脉的蛛网膜下出血,cvd
其他颅内损伤,Inj_Unintentional
其他颅骨和面骨骨折,Musculoskeletal
内分泌营养和代谢的其他疾病,Inj_Unintentional
内脏大出血,Musculoskeletal
内脏破裂,Dis_Digestive
再发脑出血,cvd
再生障碍性贫血,Hemoglobinopathies_hemolytic
农药中毒,Inj_Unintentional
农药中毒乐果,Inj_Unintentional
农药服毒自杀,Musculoskeletal
冠心病,Musculoskeletal
冠心病再次发作,cvd
冠心病再次复查动脉硬化性心脏病,cvd
冠心病急性发作,cvd
冠心病慢性心力衰竭,cvd
冠状动昹粥样硬化性心脏病,cvd
冠状动脉性心脏病,cvd
冠状动脉栓塞,cvd
冠状动脉狭窄性心脏病,cvd
冠状动脉破裂,cvd
冠状动脉硬化,cvd
冠状动脉硬化性心脏病,cvd
冠状动脉粥样硬化,cvd
冠状动脉粥样硬化心脏病,cvd
冠状动脉粥样硬化性,cvd
冠状动脉粥样硬化性心脏,cvd
冠状动脉粥样硬化性心脏病,cvd
冠状动脉粥样硬性心脏病,cvd
冠状动脉缺血,cvd
冠脉支架术后,Inj_Unintentional
冻伤,Musculoskeletal
冻死,Musculoskeletal
出血,Dis_Digestive
出血性休克,Dis_Digestive
出血性肠炎,Inf_Enteric
出血性脑卒中,Dis_Digestive
刀刺,Musculoskeletal
刀刺中胸部,Musculoskeletal
刀砍伤致失血性休克,Inj_Unintentional
切口感染,Inj_Unintentional
创伤后伤口感染,Skin
创伤性休克,Musculoskeletal
创伤性大脑内出血,cvd
创伤性大脑水肿,Musculoskeletal
创伤性失血性休克,Musculoskeletal
创伤性心跳呼吸骤停,cvd
创伤性气胸,Musculoskeletal
创伤性硬膜下出血,cvd
创伤性硬膜下血肿,cvd
创伤性脑出血,cvd
创伤性脑疝,Musculoskeletal
创伤性蛛网膜下出血,cvd
创伤性蛛网膜下腔出血,cvd
创伤性血气胸,Musculoskeletal
创伤性血胸,Musculoskeletal
初发性或维持性睡眠障碍[失眠症],Inj_Unintentional
判决死亡依法处以死刑,Musculoskeletal
前列腺增生,Urinary_maleinfertility
前列腺未特指的疾患,Inj_Unintentional
前列腺炎,Musculoskeletal
前列腺疾患,Musculoskeletal
前列腺结石,Dis_Digestive
前列腺膀胱炎,Urinary_maleinfertility
剥脱性皮炎,Skin
割腕自杀,Musculoskeletal
加害的后遗症,cvd
动脉和小动脉未特指的疾患,Inj_Unintentional
动脉狭窄,cvd
动脉破裂,cvd
动脉硬化性心脏病,cvd
包装机轧死,Musculoskeletal
化脓性胆管炎,Dis_Digestive
十二指肠溃疡,Dis_Digestive
十二指肠穿孔,Dis_Digestive
十几米高处坠落,Inj_Unintentional
卒死,Musculoskeletal
卧床,Musculoskeletal
卧床衰老,Musculoskeletal
压迫综合症,Musculoskeletal
厌食,Musculoskeletal
厌食症,Musculoskeletal
原发性血小板增多症,Endocrinemetabolicimmune
原因不明,Musculoskeletal
原因不明的年老,Musculoskeletal
原因不明确,Musculoskeletal
原因不明确不详,Musculoskeletal
原因不明确年老衰竭,Inj_Unintentional
原因不明确自然死亡,Inj_Unintentional
原因不明确衰老死亡,Musculoskeletal
原因不知,Musculoskeletal
原因不知和原因未特指的发病,Inj_Unintentional
原因不知的死亡,Musculoskeletal
原有特发性高血压并发于妊娠分娩和产褥期,Maternal
叉车翻车致窒息,Musculoskeletal
双下肢丹毒感染,Skin
双下肢感染引起败血症,Skin
双下肢溃烂,Musculoskeletal
双下肢皮肤溃疡,Skin
双下肢骨折伴感染,Skin
双侧股骨颈骨折,Musculoskeletal
双侧肾脏衰竭,Inj_Unintentional
双侧胸腔积液,Dis_Digestive
双侧血胸,Congenitalbirthdefects
双侧颈深部左侧锁骨上窝多发性转移,Musculoskeletal
双侧额颞顶硬膜下血肿下出血,cvd
双肺感染,Skin
反复肺部感染,Skin
反复脑血管意外,Inj_Unintentional
发热,Musculoskeletal
发热待查,Musculoskeletal
发现肝转移,Musculoskeletal
口腔霉菌感染,Dis_oral
古庵村,Musculoskeletal
右上纵膈占位,Musculoskeletal
右下肢血管坏死,Musculoskeletal
右侧小脑出血,cvd
右侧股骨颈骨折,Musculoskeletal
右侧胸腔积液,Dis_Digestive
右侧颅內大量岀血,Musculoskeletal
右大腿皮肤感染,Skin
右小腿蜂窝织炎,Skin
右束支传导阻滞,cvd
右股骨下端粉碎性骨折,Musculoskeletal
右股骨颈骨折,Musculoskeletal
右股骨骨折,Musculoskeletal
右肱骨骨折,Musculoskeletal
右肺占位,Musculoskeletal
右肺占位性病变,Musculoskeletal
右肺炎,Inf_resp
右肺胸腔积液,Dis_Digestive
右肺重症肺炎,Inf_resp
右肺门.脑.纵隔及右侧锁骨上淋巴结转移,Musculoskeletal
右肾CA,Musculoskeletal
右脑出血,cvd
吃肉丸时卡住气管窒息,Inj_Unintentional
吃月饼窒息,Musculoskeletal
吃饭时卡住气管室息,Inj_Unintentional
各器官萎缩,Dis_Digestive
各器官衰竭,Dis_Digestive
各器官衰竭原因不明确死亡,Inj_Unintentional
各脏器衰竭,Dis_Digestive
吉兰-巴雷[格林-巴利]综合征,Congenitalbirthdefects
后脑着地,Musculoskeletal
后脑裂开,Musculoskeletal
向派出所报死亡,Musculoskeletal
吸入性窒息,Musculoskeletal
吸入性肺炎,Inf_resp
吸入或咽下食物引起的呼吸道梗阻,Inj_Unintentional
呕吐物窒息,Musculoskeletal
呕血,Musculoskeletal
呕血窒息,Musculoskeletal
呛咳引起窒息,Musculoskeletal
呼吸中枢抑制,Endocrinemetabolicimmune
呼吸停止,Musculoskeletal
呼吸功能不全,Endocrinemetabolicimmune
呼吸功能衰竭,Endocrinemetabolicimmune
呼吸和胸腔内器官交搭跨越的损害,Inj_Unintentional
呼吸困难,Musculoskeletal
呼吸循环衰竭,Inj_Unintentional
呼吸心搏骤停,Musculoskeletal
呼吸心脏停止,cvd
呼吸心脏骤停,cvd
呼吸心跳停止,Musculoskeletal
呼吸心跳骤停,cvd
呼吸心跳骤停猝死,cvd
呼吸心跳骤停：心源性？,cvd
呼吸心跳骤停：心源性？肺源性？,Inj_Unintentional
呼吸心跳骤停：心源性？高钾血症？低血糖？,Inj_Unintentional
呼吸性疾患,Musculoskeletal
呼吸性跳骤停,Musculoskeletal
呼吸抑制,Endocrinemetabolicimmune
呼吸系统疾病,Musculoskeletal
呼吸肌麻痹,Senseorgan
呼吸衰弱,Musculoskeletal
呼吸衰竭,Musculoskeletal
呼吸衰竭伴心衰,Musculoskeletal
呼吸衰竭引起死亡,Inj_Unintentional
呼吸衰竭心功能衰竭,cvd
呼吸衰竭肺部感染,Skin
呼吸衰竭？心源性？,Musculoskeletal
呼吸道功能衰竭,Endocrinemetabolicimmune
呼吸道感染,Skin
呼吸道未特指部位内异物,Inj_Unintentional
呼吸道梗阻,Dis_Digestive
呼吸道阻塞,Musculoskeletal
呼吸骤停,Musculoskeletal
咯血,Musculoskeletal
咳嗽,Musculoskeletal
咳嗽变异性哮喘急性发作,Inj_Unintentional
咳血,Musculoskeletal
咽内异物,Inj_Unintentional
咽喉息肉,Inf_resp
咽转移,Musculoskeletal
哮喘,chronic_resp
哮喘急性发作,chronic_resp
喂少量粥后意外窒息,Inj_Unintentional
喉痉挛,Dis_Digestive
喉部肿块,Musculoskeletal
喉部转移,Musculoskeletal
喝农药,Musculoskeletal
喝农药自杀,Inj_Unintentional
喝农药致死,Musculoskeletal
喝百草谷自杀,Inj_Unintentional
喝高度白酒自杀,Inj_Unintentional
喷门堵塞症,Musculoskeletal
嗜血细胞综合症,Musculoskeletal
噎死,Musculoskeletal
器官衰竭,Inj_Unintentional
噬血细胞综合征,Congenitalbirthdefects
噬血细胞综合症,Musculoskeletal
因吸食过量毒品,Musculoskeletal
在同一平面上滑倒绊倒和摔倒,Inj_Unintentional
在自然水域中淹溺和沉没其他特指的场地,Inj_Unintentional
在自然水域中淹溺和沉没在其他特指的场地,Inj_Unintentional
在颈水平的多处血管损伤,Musculoskeletal
地蜂中毒,Inj_Unintentional
坏死性肠梗阻,Dis_Digestive
坏疽,Dis_Digestive
坠入性肺炎,Inf_resp
坠楼休克,Musculoskeletal
坠楼死亡,Musculoskeletal
坠积性肺炎,Inf_resp
坠积性肺炎肺炎,Inf_resp
声带和喉麻痹,Senseorgan
复发性抑郁,Musculoskeletal
复发性肺栓塞,Musculoskeletal
外伤后脑着地,Musculoskeletal
外伤性颅内出血,cvd
外伤感染,Skin
外伤证,Musculoskeletal
外因的其他和效应的后遗症,Inj_Unintentional
多个腹内器官损伤,Inj_Unintentional
多个部位烧伤,Inj_Unintentional
多功能器官衰竭,Inj_Unintentional
多功能脏器损伤,Musculoskeletal
多功能脏器衰竭,Dis_Digestive
多发伤,Musculoskeletal
多发性转移占位,Musculoskeletal
多发性骨折,Musculoskeletal
多发性骨转移,Musculoskeletal
多发转移到颈椎,Musculoskeletal
多发颅骨骨折,Musculoskeletal
多发骨折,Musculoskeletal
多器官功能衰竭,Endocrinemetabolicimmune
多器官循环功能衰竭,Inj_Unintentional
多器官扩散,Musculoskeletal
多器官衰竭,Inj_Unintentional
多器官衰竭心力衰竭,Inj_Unintentional
多器官衰竭死亡,Inj_Unintentional
多器官衰竭肺气肿,chronic_resp
多器官衰竭？,Inj_Unintentional
多器官衰谒,Musculoskeletal
多器官转移,Musculoskeletal
多器管衰竭,Dis_Digestive
多处挤压伤,Musculoskeletal
多日未进食,Musculoskeletal
多系统脏器萎缩,Inj_Unintentional
多系统衰弱,Inj_Unintentional
多脏器功能衰竭,Dis_Digestive
多脏器功能衰竭恶病质,Dis_Digestive
多脏器官感染,Skin
多脏器挫裂伤,Musculoskeletal
多脏器损伤,Musculoskeletal
多脏器衰竭,Dis_Digestive
多脏器衰谒,Musculoskeletal
多脏器转移,Musculoskeletal
大便不通,Musculoskeletal
大剂量服用催眠药而中毒,Inj_Unintentional
大咯血,Musculoskeletal
大疱性类天疱疮,Skin
大脑动脉粥样硬化症,cvd
大脑半球的脑内出血皮质的,Inj_Unintentional
大脑挫伤,Inj_Unintentional
大腿挫伤,Musculoskeletal
天疱疮,Skin
失血性休克,Inj_Unintentional
失血性休克死亡,Inj_Unintentional
失血过多,Musculoskeletal
失血过多死亡,Musculoskeletal
头晕和眩晕,Senseorgan
头痛,Dis_Neurological
头皮浅表损伤,Inj_Unintentional
头部其他部位的开放性伤口,Inj_Unintentional
头部其他部位的浅表损伤,Inj_Unintentional
头部外伤,Skin
头部外伤颅脑损伤,Inj_Unintentional
头部多处损伤,Inj_Unintentional
头部多处浅表损伤,Inj_Unintentional
头部开放性伤口部位,Inj_Unintentional
头部挤压伤部位,Skin
头部损伤,Inj_Unintentional
头部损伤NOS,Musculoskeletal
头部摔伤,Skin
头部未特指的损伤,Inj_Unintentional
头部未特指部位的创伤性切断,Inj_Unintentional
头部血管损伤,Musculoskeletal
头部血管损伤不可归类在他处者,Inj_Unintentional
头部被压伤,Skin
头部部位未特指的开放性伤口,Inj_Unintentional
头部部位未特指的挤压伤,Inj_Unintentional
头顶部颅骨开放大伤口,Musculoskeletal
头颅大出血,Musculoskeletal
头颅挤压伤,Musculoskeletal
头颅损伤,Inj_Unintentional
头颅骨折,Musculoskeletal
头颅骨折伴失血性休克,Musculoskeletal
头颅骨骨折,Musculoskeletal
夸希奥科病[恶性营养不良病],Inj_Unintentional
子宫及盆腔转移,Gynecological
安定中毒,Inj_Unintentional
安眠药中毒,Inj_Unintentional
完全性右束支传导阻滞,cvd
完全性左束支传导阻滞,cvd
室性早博,cvd
室性逸搏,Musculoskeletal
室息,Musculoskeletal
室颤,Musculoskeletal
家中,Musculoskeletal
小笼包卡住气管导致窒息,Inj_Unintentional
小肠占位,Dis_Digestive
小脑出血,cvd
小脑萎缩,Dis_Neurological
小腿丹毒溃烂,Musculoskeletal
小腿其他部位的骨折,Musculoskeletal
小腿外伤,Musculoskeletal
小腿溃疡,Dis_Digestive
小腿部位未特指的骨折,Musculoskeletal
尘肺,chronic_resp
尺骨干骨折,Musculoskeletal
尾骨骨折,Musculoskeletal
尿储留,Musculoskeletal
尿毒症,Chronickidney
尿毒症并发征,Chronickidney
尿毒症并发症,Chronickidney
尿毒症急性肾功能衰竭,Chronickidney
尿毒症性心肌炎,Chronickidney
尿毒症肾脏衰竭,Chronickidney
尿潴留,Musculoskeletal
尿潴留引起肾衰,Musculoskeletal
尿路感染,Musculoskeletal
尿路感染.,Musculoskeletal
尿道出血,Urinary_maleinfertility
尿道炎,Urinary_maleinfertility
局部脑损伤,Musculoskeletal
局限性水肿,Skin
局限性脑萎缩,Dis_Neurological
工地上干活时被电缆线从约2米高处弹落至地面,Musculoskeletal
左下肺占位,Musculoskeletal
左下肺炎,Inf_resp
左侧丘脑出血,cvd
左侧丘脑出血破入脑室,cvd
左侧先天性膈疝,Congenitalbirthdefects
左侧基底节区出血破入脑室,cvd
左侧硬膜下出血脑疝,cvd
左侧肺门及纵膈淋巴结转移,Musculoskeletal
左侧自发性气胸,Musculoskeletal
左侧额部硬膜下血肿术后,Inj_Unintentional
左心室衰竭,cvd
左心衰竭,cvd
左手尺骨骨折,Musculoskeletal
左肝转移,Musculoskeletal
左股骨骨折,Musculoskeletal
左肱骨远端粉碎性骨折,Musculoskeletal
左肺上叶纵膈两肺门淋巴结转移,Musculoskeletal
左胸口受伤,Musculoskeletal
左脑出血,cvd
左脑溢血,Musculoskeletal
左腹股沟斜疝复发,Dis_Digestive
巨球蛋白血症,Endocrinemetabolicimmune
帕金森,Musculoskeletal
帕金森并发症,Inj_Unintentional
帕金森氏病,Musculoskeletal
帕金森病,Musculoskeletal
帕金森症,Musculoskeletal
帕金森综合征,Congenitalbirthdefects
帕金森综合症,Inj_Unintentional
带状疱疹,Inf_other
带状疱疹眼病,Inf_other
年老,Musculoskeletal
年老体弱卧床引起肺部感染,Skin
年老体弱营养不良,Inj_Unintentional
年老其他原因不明确,Musculoskeletal
年老原因不明,Musculoskeletal
年老原因不明确,Musculoskeletal
年老死亡,Musculoskeletal
年老病死,Musculoskeletal
年老而亡,Musculoskeletal
年老自然死,Musculoskeletal
年老自然死亡,Musculoskeletal
幽门梗阻,Dis_Digestive
广泛转移,Musculoskeletal
应急性溃疡出血,Dis_Digestive
应激性胃溃疡,Dis_Digestive
开放性特种型颅脑损伤,Inj_Unintentional
开放性特重型颅脑损伤,Inj_Unintentional
开放性腹壁破裂,Dis_Digestive
开放性腹部损伤,Inj_Unintentional
开放性颅脑外伤,Inj_Unintentional
开放性颅脑损伤,Inj_Unintentional
开放性颅脑损伤特重型,Inj_Unintentional
开放性颅脑损伤重型,Inj_Unintentional
异物窒息,Inj_Unintentional
弥散性脑损伤,Musculoskeletal
弥散性血管内凝血,Musculoskeletal
弥漫性腹膜炎,Dis_Digestive
循坏衰竭,Dis_Digestive
循环系统其他和的疾患,Musculoskeletal
循环系统疾病,Musculoskeletal
循环系统衰竭,Inj_Unintentional
循环衰竭,Inj_Unintentional
心内膜炎瓣膜,cvd
心力哀竭,Musculoskeletal
心力衰竭,Musculoskeletal
心力衰竭150.9心力衰竭,Inj_Unintentional
心功能Ⅳ级,cvd
心功能不全,cvd
心功能不全4级,cvd
心功能不全呼吸衰竭,cvd
心功能不全肺部感染,cvd
心功能衰竭,cvd
心功能障碍,Dis_Mental
心包填塞,cvd
心包积液,cvd
心包腔积液,cvd
心原性猝死,Musculoskeletal
心室内传导阻滞,cvd
心室纤颤和扑动,cvd
心律不齐,Musculoskeletal
心律不齐心脏心律失常,cvd
心律失常,cvd
心律失常致心力衰竭,cvd
心律失常致急性心力衰竭,cvd
心律失常致急性心衰,cvd
心律衰竭,cvd
心性卒死原因不明确原因的死亡,Inj_Unintentional
心悸,Musculoskeletal
心房纤维性颤动,cvd
心房纤颤,cvd
心房纤颤和扑动,cvd
心房颤动,Musculoskeletal
心源性休克,Musculoskeletal
心源性哮喘,chronic_resp
心源性心脏病,cvd
心源性猝死,Musculoskeletal
心源性？心跳呼吸骤停,cvd
心率失常,Musculoskeletal
心率衰竭,Inj_Unintentional
心绞痛,cvd
心肌炎,cvd
心肌病,cvd
心肌缺血,Musculoskeletal
心肺功能衰竭,Inj_Unintentional
心肺损伤,Inj_Unintentional
心肺衰竭,Inj_Unintentional
心肺重度损伤,Inj_Unintentional
心肺骤停,Musculoskeletal
心脏停搏,cvd
心脏其他损伤,Inj_Unintentional
心脏功能不全,cvd
心脏受轧,cvd
心脏呼吸骤停,cvd
心脏和血管假体装置、植入物和移植物的未特指并发症,Inj_Unintentional
心脏心律失常,cvd
心脏性猝死,cvd
心脏未特指的损伤,Inj_Unintentional
心脏栓塞,cvd
心脏猝死,cvd
心脏疾病心间隔缺损,Congenitalbirthdefects
心脏病,cvd
心脏病突发卒死,cvd
心脏破裂,cvd
心脏肥大,cvd
心脏血管破裂,cvd
心脏衰竭,cvd
心脏骤停,cvd
心脑血管意外,Inj_Unintentional
心脑血管病,Musculoskeletal
心血管堵塞,Musculoskeletal
心血管意外,Inj_Unintentional
心血管疾病,Musculoskeletal
心衰,Musculoskeletal
心衰IV级,Musculoskeletal
心衰三级,Musculoskeletal
心衰竭,Dis_Digestive
心跳呼吸衰竭,Musculoskeletal
心跳呼吸骤停,cvd
心跳呼吸骤停：心源性,cvd
心跳骤停,Musculoskeletal
念珠菌性口炎,Dis_Digestive
念珠菌性口腔炎,Musculoskeletal
急性一氧化碳中毒迟发脑病,Inj_Unintentional
急性上呼吸道感染,Inf_resp
急性上消化道出血,Dis_Digestive
急性上消化道出血出血性休克,Dis_Digestive
急性下呼吸道感染,Inf_resp
急性乙型肝炎,Dis_Digestive
急性冠脉综合征,Congenitalbirthdefects
急性冠脉综合征高钾血症,Congenitalbirthdefects
急性出血后贫血,Hemoglobinopathies_hemolytic
急性化脓性胆囊炎,Dis_Digestive
急性化脓性腹膜炎,Dis_Digestive
急性发作伴肺部感染,Skin
急性呼吸心跳骤停心源性？,cvd
急性呼吸窘迫综合征,Endocrinemetabolicimmune
急性呼吸衰竭,Dis_Digestive
急性呼吸衰竭伴全身多脏器衰竭,Inj_Unintentional
急性呼吸道阻塞,Inf_resp
急性和亚急性肝衰竭,Dis_Digestive
急性左心衰竭,cvd
急性弥漫性腹膜炎,Dis_Digestive
急性心力衰竭,cvd
急性心力衰竭.,cvd
急性心功能不全,cvd
急性心功能衰竭,cvd
急性心律衰竭,cvd
急性心肌炎,cvd
急性心脏病,cvd
急性心衰,Dis_Digestive
急性支气管感染,Inf_resp
急性支气管炎,Inf_resp
急性支气管炎伴急性发作,Inf_resp
急性支气管炎急性发作,Inf_resp
急性支气管肺炎,Inf_resp
急性梗阻性化脓性胆管炎,Dis_Digestive
急性梗阻性胆管炎,Dis_Digestive
急性气管炎,Inf_resp
急性淋巴细胞白细胞,Endocrinemetabolicimmune
急性爆发性肝炎,Dis_Digestive
急性病毒性心肌炎,cvd
急性肠梗阻,Dis_Digestive
急性肠胃炎,Dis_Digestive
急性肠道感染,Inf_Enteric
急性肺感染,Skin
急性肺感染肺炎,Inf_resp
急性肺栓塞,Dis_Digestive
急性肺水肿,Dis_Digestive
急性肺源性心脏病,cvd
急性肺炎,Inf_resp
急性肺炎并高热,Inf_resp
急性肺炎肺炎,Inf_resp
急性肺部感染,Skin
急性肺部感染肺炎,Inf_resp
急性肾功能不全,Chronickidney
急性肾功能衰竭,Chronickidney
急性肾炎综合征,Congenitalbirthdefects
急性肾盂肾炎,Urinary_maleinfertility
急性肾衰,Dis_Digestive
急性肾衰竭,Chronickidney
急性肾衰竭伴有急性肾皮质坏死,Chronickidney
急性肾衰竭伴有肾髓质坏死,Chronickidney
急性胃炎,Dis_Digestive
急性胃肠炎消化道穿孔,Dis_Digestive
急性胆囊炎,Dis_Digestive
急性胆囊炎并发穿孔,Dis_Digestive
急性胆源性胰腺炎,Dis_Digestive
急性胆管炎,Dis_Digestive
急性胆管结石胆囊炎,Dis_Digestive
急性胆结石,Dis_Digestive
急性胰腺炎,Dis_Digestive
急性脊髓炎,Inf_other
急性脑出血,cvd
急性脑栓塞,Dis_Digestive
急性脑溢血,Dis_Digestive
急性脑血管意外,cvd
急性脑血管病,cvd
急性脑血管病发作,cvd
急性腹膜炎,Dis_Digestive
急性贫血,Hemoglobinopathies_hemolytic
急性重型肝炎,Dis_Digestive
急性重型肺炎,Inf_resp
急性重症肺炎,Inf_resp
急性重症胰腺炎,Dis_Digestive
急性颅内出血,Dis_Digestive
急性骨髓纤维化,Endocrinemetabolicimmune
急性高渗性非酮症性昏迷,Endocrinemetabolicimmune
急诊重症肺炎,Inf_resp
急进型肾炎综合征,Chronickidney
急重度贫血,Hemoglobinopathies_hemolytic
性阻塞性肺病,Musculoskeletal
息窒,Musculoskeletal
恶心和呕吐,Musculoskeletal
恶性胸腔积液,Musculoskeletal
恶性腹水,Musculoskeletal
恶性腹腔积液,Dis_Digestive
恶液质,Musculoskeletal
恶病质,Musculoskeletal
恶病质全身器官功能衰竭,Inj_Unintentional
恶病质及多器官功能衰竭,Endocrinemetabolicimmune
恶病质多器官功能衰竭,Endocrinemetabolicimmune
恶病质多脏器功能衰竭,Dis_Digestive
意外事故,Musculoskeletal
意外摔死损伤,Inj_Unintentional
意外死亡,Inj_Unintentional
意外死亡摔死,Inj_Unintentional
意外淹溺和沉没,Inj_Unintentional
意外溺水,Inj_Unintentional
意外溺水死亡,Inj_Unintentional
意外窒息,Inj_Unintentional
感染,Skin
感染性休克,Inj_Unintentional
感染性休克/肾功能异常/高钾血症,Inj_Unintentional
感染性体克,Musculoskeletal
感染性关节炎,Musculoskeletal
感染性发热,Musculoskeletal
感染性多器官功能衰竭,Inj_Unintentional
感染性多器官功能障碍综合征MODS,Congenitalbirthdefects
感染性心内膜炎,cvd
感染性心包炎,cvd
感染性心肌炎,cvd
感染性胃肠炎,Dis_Digestive
感染性腹膜炎,Dis_Digestive
慢性下呼吸道疾病,Dis_Digestive
慢性丙型病毒性肝炎,Dis_Digestive
慢性乙型病毒性肝炎,Dis_Digestive
慢性乙性肝炎,Dis_Digestive
慢性前列腺炎,Dis_Digestive
慢性呼吸衰竭,Dis_Digestive
慢性失血性贫血,Hemoglobinopathies_hemolytic
慢性心力衰竭,Dis_Digestive
慢性心功能不全,cvd
慢性心功能衰竭,cvd
慢性心源性心脏病,cvd
慢性心脏病,cvd
慢性心衰,Dis_Digestive
慢性查加斯病伴有累及消化系统,Musculoskeletal
慢性气管炎,Inf_resp
慢性缩窄性心包炎,cvd
慢性缺血性心脏病,cvd
慢性肝炎,Dis_Digestive
慢性肠胃炎,Dis_Digestive
慢性胃溃疡,Dis_Digestive
慢性胃炎,Dis_Digestive
慢性胃肠炎,Dis_Digestive
慢性胃肠炎急性病变,Dis_Digestive
慢性胆囊炎,Dis_Digestive
慢性胆囊炎急性发作,Dis_Digestive
慢性营养不良,Inj_Unintentional
慢性营养不良？,Inj_Unintentional
慢性贫血,Hemoglobinopathies_hemolytic
慢性阻塞性心脏病,cvd
慢性骨髓增生性疾病,Neoplasms
成人型呼吸窘迫综合征,Endocrinemetabolicimmune
截瘫,Inj_Unintentional
房间隔缺损,Congenitalbirthdefects
房颤,Musculoskeletal
房颤或房扑,Musculoskeletal
手术后肠梗阻,Dis_Digestive
扩张型心肌病,cvd
抑郁症,Musculoskeletal
抗精神病药物中毒,Dis_Mental
挤压伤,Musculoskeletal
挤压伤和创伤性切断,Musculoskeletal
损伤,Musculoskeletal
损伤后遗症,Inj_Unintentional
损伤呼吸心跳骤停,Inj_Unintentional
损伤多器官衰竭,Inj_Unintentional
掉入河中溺亡,Musculoskeletal
摔伤,Musculoskeletal
摔伤后死亡,Musculoskeletal
摔伤后脑外伤,Musculoskeletal
摔伤至脑出血,cvd
摔倒,Musculoskeletal
摔倒头部着地,Skin
摔倒致行走不便卧床,Musculoskeletal
摔倒致颅内出血,cvd
摔倒致颅脑损伤,Inj_Unintentional
摔死,Musculoskeletal
摔跤,Musculoskeletal
撞到别人或意外被别人碰撞造成的损伤在街道和公路,Inj_Unintentional
撞车死亡,Musculoskeletal
播散性血管内凝血[去纤维蛋白综合征],Endocrinemetabolicimmune
支气管哮喘,chronic_resp
支气管哮喘急性发作,chronic_resp
支气管异物窒息,Inj_Unintentional
支气管感染,Inf_resp
支气管或肺,Inf_resp
支气管或肺疾病,Musculoskeletal
支气管扩张,chronic_resp
支气管扩张伴感染,chronic_resp
支气管扩张感染急性加重,Inf_resp
支气管扩张症,chronic_resp
支气管扩张症伴感染,chronic_resp
支气管炎,chronic_resp
支气管炎急性发作,Inf_resp
支气管炎感染,Inf_resp
支气管疾病,Musculoskeletal
支气管疾病不可归类在他处者,Inj_Unintentional
支气管肺炎,Inf_resp
故意自害的后遗症,cvd
新生儿大脑障碍,Neonatal
无人在场的死亡,Musculoskeletal
无力性肠梗阻,Dis_Digestive
无慢性病史年老死亡,Musculoskeletal
无明显病因下多器官功能衰竭,Inj_Unintentional
早产,Musculoskeletal
早期发病的小脑性共济失调,Inj_Unintentional
昏迷,Dis_Digestive
昏迷营养不良心律失常,Inj_Unintentional
晕厥和和虚脱,Musculoskeletal
晕厥和虚脱,Musculoskeletal
晚期发病的小脑性共济失调,Inj_Unintentional
晚期肝硬化腹水,Dis_Digestive
暴发性心肌炎,cvd
暴发性肝炎,Dis_Digestive
暴露于不良环境引起的衰竭,Inj_Unintentional
有关食物和液体摄取的其他症状和体征,Inj_Unintentional
有机磷酸盐和氨基甲酸酯杀虫剂的毒性效应,Inj_Unintentional
服“杀虫霜”农药自杀,Inj_Unintentional
服农药自杀,Inj_Unintentional
服安定片自杀,Inj_Unintentional
服安眠药自杀,Inj_Unintentional
服有机磷农药自杀,Inj_Unintentional
服杀虫剂自杀,Inj_Unintentional
服药自杀,Inj_Unintentional
未特指动脉的栓塞和血栓形成,cvd
未特指杀虫剂的毒性效应,Inj_Unintentional
未特指气体、烟雾和蒸气的毒性效应,Inj_Unintentional
未特指物质的毒性效应,Inj_Unintentional
未特指的上呼吸道疾病,Inj_Unintentional
未特指的下肢静脉炎和血栓性静脉炎,Inj_Unintentional
未特指的中暑衰竭,Inj_Unintentional
未特指的人类免疫缺陷病毒[HIV]病,Inj_Unintentional
未特指的休克,Inj_Unintentional
未特指的全身性抗生素中毒,Inj_Unintentional
未特指的内服物质引起的皮炎,Inj_Unintentional
未特指的分枝杆菌感染,Skin
未特指的前列腺炎性疾病,Inj_Unintentional
未特指的动脉炎,Musculoskeletal
未特指的发热,Inj_Unintentional
未特指的变态反应,Inj_Unintentional
未特指的呼吸性疾患,Inj_Unintentional
未特指的呼吸衰竭,Inj_Unintentional
未特指的呼吸道出血,cvd
未特指的多处挤压伤,Inj_Unintentional
未特指的多处损伤,Inj_Unintentional
未特指的多处骨折,Musculoskeletal
未特指的尿失禁,Inj_Unintentional
未特指的心动过缓,Inj_Unintentional
未特指的慢性病毒性肝炎,Dis_Digestive
未特指的损伤,Inj_Unintentional
未特指的昏迷,Dis_Digestive
未特指的气胸,Inj_Unintentional
未特指的水肿,Inj_Unintentional
未特指的狂犬病,Inj_Unintentional
未特指的疼痛,Inj_Unintentional
未特指的病毒性肝炎,Dis_Digestive
未特指的睡眠障碍,Inj_Unintentional
未特指的短暂性大脑缺血性发作,Inj_Unintentional
未特指的细菌性感染,Inj_Unintentional
未特指的缺铁性贫血,Hemoglobinopathies_hemolytic
未特指的肥胖症,Inj_Unintentional
未特指的胸痛,Inj_Unintentional
未特指的脓毒病,Inj_Unintentional
未特指的营养性贫血,Hemoglobinopathies_hemolytic
未特指的营养缺乏,Inj_Unintentional
未特指的营养缺乏后遗症,Inj_Unintentional
未特指的蛋白质-能量营养不良,Inj_Unintentional
未特指的血尿,Inj_Unintentional
未特指的血糖过多,Inj_Unintentional
未特指的贫血,Hemoglobinopathies_hemolytic
未特指的过敏性休克,Inj_Unintentional
未特指的进食障碍,Inj_Unintentional
未特指的遗传性共济失调,Inj_Unintentional
未特指的遗传性和特发性神经病,Inj_Unintentional
未特指的重度蛋白质-能量营养不良,Inj_Unintentional
未特指的镇癫痫药和镇静催眠药中毒,Inj_Unintentional
未特指的霍奇金病,Inj_Unintentional
未特指的非特异性淋巴结炎,Inj_Unintentional
未特指的颅内损伤,Inj_Unintentional
未特指腹内器官的损伤,Inj_Unintentional
未特指部位未特指的冻伤,Inj_Unintentional
未特指醇的毒性效应,Inj_Unintentional
未进食一周,Musculoskeletal
未进食三天,Musculoskeletal
术后大出血,Inj_Unintentional
术后昏迷,Inj_Unintentional
机体功能衰竭,Dis_Digestive
机动车事故的后遗症,Inj_Transport
机械性窒息,Musculoskeletal
杀啮齿类剂的毒性效应,Inj_Unintentional
杀虫剂的故意自毒及暴露于杀虫剂场所,Inj_Unintentional
杀虫剂的故意自毒及暴露于杀虫剂家,Inj_Unintentional
杀虫剂的故意自毒及暴露于杀虫剂工业和建筑区域,Inj_Unintentional
杀虫剂的毒性效应,Inj_Unintentional
极重度颅脑损伤,Inj_Unintentional
枕骨开放性骨折,Musculoskeletal
格林巴利综合症,Musculoskeletal
桡骨下端骨折,Musculoskeletal
桡骨干骨折,Musculoskeletal
梅毒,Inf_sexual
梅毒晚期,Inf_sexual
梗阻性肾病,Chronickidney
梗阻性胆管炎,Dis_Digestive
梗阻性黄疸,Dis_Digestive
椎基底动脉综合征,cvd
楼梯摔下致脑出血,cvd
横纹肌溶解综合征,Congenitalbirthdefects
正常死亡,Musculoskeletal
死亡原因不明,Inj_Unintentional
死亡发生于症状起始后24小时以内,Inj_Unintentional
死因不明,Musculoskeletal
比尔德氏病,Musculoskeletal
气性坏疽,Dis_Digestive
气管内异物,Inj_Unintentional
气管内异物窒息,Inj_Unintentional
气管异物阻塞,Inj_Unintentional
气管感染,Inj_Unintentional
气管炎,Inf_resp
气管痰栓阻塞,Inj_Unintentional
气管痰液阻塞窒息,Inj_Unintentional
气胸,Musculoskeletal
气道堵塞,Musculoskeletal
气道阻塞,Musculoskeletal
氰化物的毒性效应,Inj_Unintentional
水电紊乱,Musculoskeletal
水电解质代谢紊乱,Endocrinemetabolicimmune
水电解质平衡紊乱,Endocrinemetabolicimmune
水电解质平铺紊乱,Endocrinemetabolicimmune
水电解质紊乱,Endocrinemetabolicimmune
水电解质酸平衡弥乱,Musculoskeletal
水电解质酸碱平紊乱,Endocrinemetabolicimmune
水电解质酸碱平衡,Musculoskeletal
水电解质酸碱平衡失调,Musculoskeletal
水电解质酸碱平衡紊乱,Endocrinemetabolicimmune
水电解质酸碱平衡紊毛,Musculoskeletal
水电解质酸碱紊乱,Endocrinemetabolicimmune
水肿,Endocrinemetabolicimmune
水钠电解质紊乱,Endocrinemetabolicimmune
汽车压死,Musculoskeletal
沙门氏菌败血症,Inf_Enteric
沼气中毒,Inj_Unintentional
泌尿生殖系统疾病,Musculoskeletal
泌尿道感染,Skin
法院判决死亡,Musculoskeletal
洒精中毒,Inj_Unintentional
洗衣时失足溺水,Musculoskeletal
流感,Musculoskeletal
流行性感冒伴有肺炎流行性感冒病毒被标明,Inj_Unintentional
流行性感冒和肺炎,Inf_resp
流行性脑脊髓膜炎,Inf_other
海洛因中毒,Inj_Unintentional
消化不良,Musculoskeletal
消化性溃疡部位急性伴有出血和穿孔,Dis_Digestive
消化系统先天性畸形,Congenitalbirthdefects
消化系统疾病,Musculoskeletal
消化系统的其他特指疾病,Inj_Unintentional
消化道出血,Dis_Digestive
消化道大出血,Dis_Digestive
消化道穿孔,Dis_Digestive
消化道穿孔并急性腹膜炎,Dis_Digestive
消瘦性夸希奥科病,Musculoskeletal
淋巴管和淋巴结未特指的非感染性疾患,Inj_Unintentional
淋巴管炎,Musculoskeletal
淋巴细胞为主型霍奇金病,Musculoskeletal
淋巴结及腋窝转移,Musculoskeletal
淋巴结转移,Musculoskeletal
淋巴肿,Musculoskeletal
淋巴转移,Musculoskeletal
混合细胞型霍奇金病,Musculoskeletal
淹死,Musculoskeletal
淹死和非致命性溺水,Musculoskeletal
淹溺,Musculoskeletal
淹溺和沉没意图不确定的其他特指的场地,Inj_Unintentional
淹溺和沉没溺水,Inj_Unintentional
渐冻人症,Musculoskeletal
渐冻症,Musculoskeletal
溺亡,Musculoskeletal
溺死,Musculoskeletal
溺毙,Musculoskeletal
溺水,Musculoskeletal
溺水z,Musculoskeletal
溺水死亡,Musculoskeletal
溺水窒息,Musculoskeletal
溺水自尽,Musculoskeletal
溺水自杀,Inj_Unintentional
溺水致窒息,Musculoskeletal
漫性支气管炎急性发作,Inf_resp
火灾引起的窒息,Inj_Unintentional
火灾烧死,Musculoskeletal
火灾窒息死亡,Inj_Unintentional
烧伤,Inj_Unintentional
烧伤感染,Inj_Unintentional
烫伤后感染,Skin
热射病,Musculoskeletal
热射病和日射病,Musculoskeletal
热衰竭,Dis_Digestive
煤气中毒,Musculoskeletal
煤气爆炸烧伤引起的死亡,Inj_Unintentional
爆发性肝炎,Dis_Digestive
牛逼,Musculoskeletal
特发性(原发性)高血压,Musculoskeletal
特发性原发性高血压,Musculoskeletal
特发性间质性肺炎,chronic_resp
特重型颅脑外伤,Inj_Unintentional
特重型颅脑损伤,Inj_Unintentional
特重度颅脑损伤,Inj_Unintentional
特重度颅脑损伤？血胸？,Inj_Unintentional
狂犬病,Musculoskeletal
猝死,Musculoskeletal
猝死原因不明,Inj_Unintentional
猝死脑出血,cvd
猝死：心源性可能性大,Musculoskeletal
猝死：心源性？,Musculoskeletal
猝死：心源性？脑源性？,Musculoskeletal
猝死：肺栓塞,Musculoskeletal
琥珀酰亚胺和恶唑烷二酮类中毒,Inj_Unintentional
瓣膜脱落,Musculoskeletal
瓦尔登斯特伦巨球蛋白血症,Endocrinemetabolicimmune
用从高处跳下方式故意自害其他特指的场地,Inj_Unintentional
用从高处跳下方式故意自害在家,Inj_Unintentional
用从高处跳下方式故意自害家,Musculoskeletal
用尖锐物体方式故意自害家,Inj_Unintentional
用尖锐物体进行加害其他特指的场地,Inj_Unintentional
用悬吊绞勒和窒息方式故意自害在其他特指的场地,Inj_Unintentional
用悬吊绞勒和窒息方式故意自害家,Musculoskeletal
用悬吊绞勒和窒息方式故意自害居住的公共设施,Inj_Unintentional
用淹溺和沉没方式故意自害其他特指的场地,Inj_Unintentional
用的方式故意自害在家,Inj_Unintentional
由于A族链球菌引起的败血症,Musculoskeletal
由于肺炎链球菌引起的肺炎,Inf_resp
由于食物和呕吐物引起的肺炎,Inf_resp
甲亢性心脏病,cvd
甲型肝炎,Musculoskeletal
电击,Musculoskeletal
电击伤,Inj_Unintentional
电流效应,Inj_Unintentional
电解质代谢紊乱,Endocrinemetabolicimmune
电解质和液体平衡的其他疾患不可归类在他处者,Inj_Unintentional
电解质和液体平衡紊乱,Endocrinemetabolicimmune
电解质平衡紊乱,Endocrinemetabolicimmune
电解质热量和水平衡剂中毒,Inj_Unintentional
电解质紊乱,Endocrinemetabolicimmune
电解质酸碱平衡紊乱,Endocrinemetabolicimmune
疖,Musculoskeletal
疖病并发感染,Skin
疝囊嵌顿,Musculoskeletal
疮褥,Musculoskeletal
疼痛,Musculoskeletal
病态窦性综合征,cvd
病毒性心肌炎,cvd
病毒性脑炎,Inf_other
病毒性脑膜炎,Inf_other
病灶破裂大出血,Musculoskeletal
病理性骨折不可归类在他处者,Musculoskeletal
痛症酸中毒,Endocrinemetabolicimmune
痛风,Musculoskeletal
痰堵窒息,Musculoskeletal
痰栓阻塞气管,Inj_Unintentional
痰液卡住气管,Inj_Unintentional
痰液栓塞至窒息,cvd
痰液气管阻塞窒息,Inj_Unintentional
痰液窒息,Musculoskeletal
痰液阻塞窒息,Musculoskeletal
痰窒息,Musculoskeletal
痰阻塞气管,Inj_Unintentional
瘘管感染,Skin
瘫痪,Inj_Unintentional
癫痫,Dis_Neurological
癫痫发作,Dis_Neurological
癫痫大发作,Dis_Neurological
癫痫大发作窒息,Dis_Neurological
癫痫并发症,Dis_Neurological
癫痫大发作状态,Dis_Neurological
白锡氏疱疹,Inf_other
百草枯中毒,Inj_Unintentional
的分枝杆菌属感染,Skin
的痴呆,Dis_Neurological
的细菌性感染,Skin
的肾衰竭,Chronickidney
的蛋白质-能量营养不良,Inj_Unintentional
的败血病,Musculoskeletal
的败血症,Musculoskeletal
的链球菌性败血症,Musculoskeletal
皮下组织感染,Skin
皮肤感染,Skin
皮肤感染+肺炎,Inf_resp
皮肤感染引起败血症,Skin
皮肤慢性溃疡,Skin
皮肤溃烂感染,Skin
皮肤溃疡,Skin
直肠转移,Dis_Digestive
睡眠呼吸暂停,Musculoskeletal
睾丸炎、附睾炎和附睾-睾丸炎,Musculoskeletal
瞬间死亡,Musculoskeletal
短暂性脑出血发作,cvd
短暂性脑缺血发作,Musculoskeletal
石油产品的毒性效应,Inj_Unintentional
破伤风,Inf_other
破伤风并发症,Inj_Unintentional
破裂窒息,cvd
硬网膜下腔出血,Dis_Digestive
硬脑膜下血肿,cvd
硬脑膜外血肿,cvd
硬膜下出血,cvd
硬膜外出血,Dis_Digestive
硬膜外血肿,Dis_Digestive
社区获得性肺炎,Inf_resp
社区获得性肺炎重症,Inf_resp
神志不清,Musculoskeletal
神经性肌肉萎缩,Musculoskeletal
神经病性脊椎病,Inj_Unintentional
神经系统疾病,Musculoskeletal
神经系统的其他疾患,Musculoskeletal
神经萎缩,Musculoskeletal
秀丰村,Musculoskeletal
积坠性肺炎,Inf_resp
突发咯血致呼吸道阻塞,Musculoskeletal
突发心脏病,cvd
突发性心脏病,cvd
突发性脑出血,cvd
突发性脑溢血,Musculoskeletal
窒息,Musculoskeletal
窒息昏迷,Dis_Digestive
窒息死亡,Musculoskeletal
第一腕掌关节的关节病,Musculoskeletal
简质性肺炎,Inf_resp
类风湿关节炎,Musculoskeletal
类风湿性关节炎,Musculoskeletal
粉碎性颅骨骨折,Musculoskeletal
粒细胞缺乏,Endocrinemetabolicimmune
精神兴奋剂中毒伴有滥用潜势,Inj_Unintentional
精神分裂症,Dis_Mental
精神病,Dis_Mental
精神病抑郁发作,Dis_Mental
精神障碍,Musculoskeletal
糜烂性胃炎,Dis_Digestive
系统性红斑狼疮,Musculoskeletal
累及循环和呼吸系统其他特指的症状和体征,Inj_Unintentional
累及胸部伴有腹部、下背和骨盆的开放性伤口,Inj_Unintentional
累及身体其他复合部位的挤压伤,Musculoskeletal
累及身体多个部位的其他特指损伤,Inj_Unintentional
累及颅骨和面骨的多处骨折,Musculoskeletal
红皮病,Skin
纯红再生障碍性贫血,Hemoglobinopathies_hemolytic
纳差,Musculoskeletal
纳差查,Musculoskeletal
纳差酸碱平衡紊乱,Musculoskeletal
纳食不下营养不良,Inj_Unintentional
纳食困难,Musculoskeletal
纵膈淋巴结转移,Musculoskeletal
纵隔淋巴转移,Musculoskeletal
组织溃烂引起多器官细菌感染,Inj_Unintentional
细菌性肺炎,Inf_resp
细菌性肺炎不可归类在他处者,Inf_resp
细菌感染,Skin
终末期肺炎,Inf_resp
经大转子骨折,Musculoskeletal
结核后遗症,Inf_resp
结核性脑膜炎,Inf_other
结肠,Dis_Digestive
结肠CA,Dis_Digestive
结肠转移,Dis_Digestive
结节性硬化型霍奇金病,Congenitalbirthdefects
继发于(慢性)失血的缺铁性贫血,Musculoskeletal
继发性肾功能不全,Chronickidney
继发性胃Ca,Musculoskeletal
继发性脑出血,cvd
继发感染,Skin
继发感染败血症,Musculoskeletal
缺氧,Musculoskeletal
缺氧性脑损害不可归类在他处者,Inj_Unintentional
缺氧缺血性脑病,Inj_Unintentional
缺血性心脏病,cvd
缺血性心脏病N,cvd
缺血缺氧性脑病,Inj_Unintentional
缺铁性吞咽困难,Musculoskeletal
老年人死亡,Musculoskeletal
老年心脏病,cvd
老年性痴呆,Musculoskeletal
老年性结肠炎,Dis_Digestive
老年性肺炎,Inf_resp
老年死,Senseorgan
老年死亡,Senseorgan
老年疾呆症,Senseorgan
老年病,Musculoskeletal
老年痴呆,Musculoskeletal
老年痴呆症,Musculoskeletal
老死,Musculoskeletal
肋骨多发性骨折,Musculoskeletal
肋骨多处骨折,Musculoskeletal
肋骨多处骨折致大出血,Musculoskeletal
肋骨骨折,Musculoskeletal
肌炎,Musculoskeletal
肌肉萎缩,Musculoskeletal
肌萎缩,Musculoskeletal
肝,Musculoskeletal
肝.腹胀转移,Musculoskeletal
肝内占位,Musculoskeletal
肝内占位伴转移,Musculoskeletal
肝内及淋巴结转移,Musculoskeletal
肝内多发占位,Musculoskeletal
肝内多发性转移,Musculoskeletal
肝内多发转移,Musculoskeletal
肝内淋巴结转移,Musculoskeletal
肝内胆囊炎,Dis_Digestive
肝内胆管炎,Dis_Digestive
肝内胆管结石,Dis_Digestive
肝内胆管阻塞,Dis_Digestive
肝内转移,Musculoskeletal
肝出血,Dis_Digestive
肝功能不全,Dis_Digestive
肝功能衰竭,Dis_Digestive
肝占位性病变,Musculoskeletal
肝囊肿,Musculoskeletal
肝子宫转移,Gynecological
肝性昏迷,Dis_Digestive
肝性脑病,Inj_Unintentional
肝性脑病?,Inj_Unintentional
肝性脑病II-III期,Inj_Unintentional
肝或胆囊损伤,Dis_Digestive
肝损伤后衰竭,Inj_Unintentional
肝昏迷,Dis_Digestive
肝淋巴结等广泛转移,Musculoskeletal
肝炎,Dis_Digestive
肝炎后肝硬化,Dis_Digestive
肝病,Dis_Digestive
肝的其他特指疾病,Inj_Unintentional
肝硬化,Dis_Digestive
肝硬化上消化道出血,Dis_Digestive
肝硬化复水,Dis_Digestive
肝硬化失代偿期,Dis_Digestive
肝硬化腹水,Dis_Digestive
肝硬化酗酒酒精性肝硬变,Dis_Digestive
肝硬变NOS,Dis_Digestive
肝移植术后,Inj_Unintentional
肝等广泛转移,Musculoskeletal
肝肺颅内转移,Musculoskeletal
肝肾综合征,Congenitalbirthdefects
肝肾综合症,Dis_Digestive
肝胆囊和胆管,Dis_Digestive
肝胆结肠淋巴结转移,Dis_Digestive
肝脏及胆总管等广泛转移,Dis_Digestive
肝脏实质性占位转移,Musculoskeletal
肝脏移植失败和排斥,Inj_Unintentional
肝脏等多器官转移,Musculoskeletal
肝脏腹腔广泛转移,Musculoskeletal
肝脏转移,Musculoskeletal
肝脓疡,Musculoskeletal
肝脓肿,Skin
肝腹水,Musculoskeletal
肝腹膜转移,Dis_Digestive
肝衰竭,Dis_Digestive
肝转移,Musculoskeletal
肝骨肺淋巴结转移,Musculoskeletal
肠动脉破裂,cvd
肠坏死,Musculoskeletal
肠套叠,Musculoskeletal
肠感染,Skin
肠梗死,Musculoskeletal
肠梗阻,Dis_Digestive
肠梗阻伴急性肠穿孔,Dis_Digestive
肠炎,Inf_Enteric
肠穿孔,Dis_Digestive
肠系膜大网膜淋巴种植转移,Dis_Digestive
肠转移,Musculoskeletal
肠道感染,Inf_Enteric
股动脉损伤,cvd
股骨其他部位的骨折,Musculoskeletal
股骨头粉碎性骨折,Musculoskeletal
股骨置换术后出血,Dis_Digestive
股骨部位未特指的骨折,Musculoskeletal
股骨颈骨折,Musculoskeletal
股骨颈骨折并发症,Musculoskeletal
股骨骨折,Musculoskeletal
股骨骨折后遗症,Musculoskeletal
股骨骨折部位,Musculoskeletal
肥厚性心肌病,cvd
肩和上臂未特指的损伤,Inj_Unintentional
肱骨上端骨折,Musculoskeletal
肱骨下端骨折,Musculoskeletal
肱骨干骨折,Musculoskeletal
肱骨骨折,Musculoskeletal
肺CA,Musculoskeletal
肺ca,Musculoskeletal
肺分枝杆菌感染,Skin
肺功能衰竭,Dis_Digestive
肺功能障碍,Musculoskeletal
肺动脉高压,cvd
肺原性心脏病,cvd
肺原性心脏病和肺循环疾病,cvd
肺及全身多发骨转移,Musculoskeletal
肺大泡,Musculoskeletal
肺心,Musculoskeletal
肺心病,Musculoskeletal
肺心病127.9肺源性心脏病,cvd
肺心病伴感染,Skin
肺心病并水肿,Endocrinemetabolicimmune
肺心脑病,Inj_Unintentional
肺急性感染,Skin
肺性脑病,Inj_Unintentional
肺恶性肿痛,Musculoskeletal
肺挫伤伴胸腔积血,Musculoskeletal
肺挫伤胸腔积血,Musculoskeletal
肺栓塞,Musculoskeletal
肺栓塞或气胸,Musculoskeletal
肺栓塞提及急性肺原性心脏病,cvd
肺栓塞未提及急性肺原性心脏病,cvd
肺栓塞？,Musculoskeletal
肺梗塞,Dis_Digestive
肺毁损,Musculoskeletal
肺气肿,chronic_resp
肺水肿,Musculoskeletal
肺浓肿,Musculoskeletal
肺源性心脏病,cvd
肺源性心脏病并心律失常,cvd
肺炎,Inf_resp
肺炎上呼吸道感染,Inf_resp
肺炎伴感染性休克,Inf_resp
肺炎急性发作,Inf_resp
肺炎性心脏病,Inf_resp
肺炎感染,Inf_resp
肺炎窒息,Inf_resp
肺炎肺部感染,Inf_resp
肺炎链球菌作为分类于其他章疾病的原因,Inj_Unintentional
肺病,Musculoskeletal
肺的其他损伤,Inj_Unintentional
肺的其他疾患,Musculoskeletal
肺积水,Musculoskeletal
肺积水伴感染,Skin
肺积水心律失常,cvd
肺穿孔,Dis_Digestive
肺等广泛转移,Musculoskeletal
肺纤维化,Musculoskeletal
肺纤维化疾患,Musculoskeletal
肺结核,Inf_resp
肺结水,Musculoskeletal
肺肿物,Musculoskeletal
肺脂肪栓塞综合症,Endocrinemetabolicimmune
肺脓肿,Musculoskeletal
肺脓肿不伴有肺炎,Inf_resp
肺萎缩,Dis_Digestive
肺萎陷,Musculoskeletal
肺血管其他特指的疾病,Inj_Unintentional
肺血管病,Musculoskeletal
肺衰竭,Dis_Digestive
肺衰谒,Musculoskeletal
肺转移,Musculoskeletal
肺部占位,Musculoskeletal
肺部反复感染,Skin
肺部急性感染,Skin
肺部感柒,Musculoskeletal
肺部感染,Skin
肺部感染.坠积性肺炎,Inf_resp
肺部感染.褥疮,Skin
肺部感染伴心肺功能衰竭,Inj_Unintentional
肺部感染咯血,Skin
肺部感染心律失常,Skin
肺部感染明州医院,Skin
肺部感染肾功能不全,Chronickidney
肺部感染胸腔积液,Inj_Unintentional
肺部感染胸腹水,Skin
肺部转移,Musculoskeletal
肺部重度感染,Skin
肺部阴影,Musculoskeletal
肺间质纤维化,Musculoskeletal
肺骨多发转移,Musculoskeletal
肾上腺肿块,Endocrinemetabolicimmune
肾功能不全,Chronickidney
肾功能衰竭,Chronickidney
肾功能衰竭病,Chronickidney
肾外性尿毒症,Chronickidney
肾炎,Chronickidney
肾病综合征,Chronickidney
肾病综合征水肿,Chronickidney
肾病综合症,Chronickidney
肾盂积水伴输尿管狭窄,Urinary_maleinfertility
肾脓肿,Skin
肾萎缩,Dis_Digestive
肾血管性高血压,Inj_Unintentional
肾衰,Musculoskeletal
肾衰尿毒症,Chronickidney
肾衰竭,Chronickidney
肾衰竭3期,Chronickidney
胃,Musculoskeletal
胃CA晚期,Musculoskeletal
胃Ca,Musculoskeletal
胃出血,Dis_Digestive
胃十二指肠疾病,Dis_Digestive
胃周围淋巴结转移,Musculoskeletal
胃大出血,Musculoskeletal
胃底静脉出血,Dis_Digestive
胃底静脉破裂出血,cvd
胃底静静曲张破裂,cvd
胃底食管静脉破裂出血,Dis_Digestive
胃底食道静脉破裂大出血,cvd
胃溃疡,Dis_Digestive
胃溃疡为急性或慢性不伴有出血或穿孔,Dis_Digestive
胃溃疡伴出血,Dis_Digestive
胃溃疡出血,Dis_Digestive
胃溃疡大出血,Dis_Digestive
胃溃疡急性伴有出血和穿孔,Dis_Digestive
胃病,Musculoskeletal
胃空肠溃疡急性伴有出血和穿孔,Dis_Digestive
胃穿孔导致大出血,Musculoskeletal
胃等广泛转移,Musculoskeletal
胃纳差,Musculoskeletal
胃肠出血,Dis_Digestive
胃肠功能紊乱,Dis_Digestive
胃肠炎,Dis_Digestive
胃肠疾病,Musculoskeletal
胃肠道出血,Dis_Digestive
胃肺淋巴结等广泛转移,Musculoskeletal
胃贲门CA,Dis_Digestive
胃转移,Musculoskeletal
胃静脉曲张,Musculoskeletal
胆囊梗阻,Dis_Digestive
胆囊炎,Dis_Digestive
胆囊穿孔术后,Dis_Digestive
胆囊结石,Dis_Digestive
胆囊结石不伴有胆囊炎,Dis_Digestive
胆囊结石伴急性胆囊炎,Dis_Digestive
胆囊结石伴感染,Skin
胆囊结石伴胆管炎,Dis_Digestive
胆总管堵塞,Dis_Digestive
胆总管感染,Skin
胆总管结石,Dis_Digestive
胆总管阻塞并发疼痛,Inj_Unintentional
胆汁型肝硬变,Dis_Digestive
胆石症,Musculoskeletal
胆石症伴胆道狭窄,Dis_Digestive
胆管堵塞,Dis_Digestive
胆管梗阻,Dis_Digestive
胆管炎,Dis_Digestive
胆管结石,Dis_Digestive
胆管结石伴有胆管炎,Dis_Digestive
胆管转移,Dis_Digestive
胆结石,Musculoskeletal
胆结石伴有急性胆囊炎,Dis_Digestive
胆结石引起胆管阻塞,Dis_Digestive
胆道感染,Skin
胆道梗阻,Dis_Digestive
胆道疾病,Musculoskeletal
胆道结石,Dis_Digestive
胆道结石伴感染,Dis_Digestive
背痛,Musculoskeletal
胫骨下端骨折,Musculoskeletal
胰腺炎,Dis_Digestive
胰腺疾病,Dis_Digestive
胰腺的其他特指疾病,Inj_Unintentional
胰腺转移,Dis_Digestive
胸内器官伴有腹内和盆腔内器官的损伤,Inj_Unintentional
胸和骨盆的其他骨折后遗症,Musculoskeletal
胸壁挫伤,Musculoskeletal
胸壁文泛转移,Musculoskeletal
胸外伤致心脏破裂,cvd
胸椎骨折,Musculoskeletal
胸椎骨折后遗症,Musculoskeletal
胸痛,Musculoskeletal
胸腔积业液,Musculoskeletal
胸腔积水,Musculoskeletal
胸腔积液,Dis_Digestive
胸腔积液伴感染,Inj_Unintentional
胸腹联合伤,Musculoskeletal
胸膜炎,Inf_resp
胸膜转移,Inf_resp
胸部其他特指的损伤,Inj_Unintentional
胸部其他血管的损伤,Inj_Unintentional
胸部外伤,Musculoskeletal
胸部挤压伤,Musculoskeletal
胸部挫伤致胸结气淤,Musculoskeletal
胸部损伤,Inj_Unintentional
胸部未特指的损伤,Inj_Unintentional
胸部未特指血管的损伤,Inj_Unintentional
胸部部位未特指的开放性伤口,Inj_Unintentional
胸部部脏器刀刺伤,Inj_Unintentional
胸闷气促,Musculoskeletal
脂肪栓塞,Musculoskeletal
脂肪栓塞(创伤性),Musculoskeletal
脉管炎,Musculoskeletal
脉管炎并发症,Musculoskeletal
脊柱骨折,Musculoskeletal
脊椎病,Musculoskeletal
脊髓性肌肉萎缩,Inj_Unintentional
脊髓损伤,Inj_Unintentional
脊髓灰质炎的后遗症,cvd
脏器功能衰竭,Dis_Digestive
脑,Musculoskeletal
脑内出血,Musculoskeletal
脑内出血后遗症,cvd
脑内出血多处局部,Musculoskeletal
脑内出血脑室内,Musculoskeletal
脑出血,cvd
脑出血后,cvd
脑出血后卧床,cvd
脑出血后遗症,cvd
脑出血致窒息,cvd
脑出血？,cvd
脑动脉供血不足,cvd
脑动脉血管爆裂,Musculoskeletal
脑卒中,Musculoskeletal
脑卒中后瘫痪,Inj_Unintentional
脑卒中后遗症,cvd
脑受压,Musculoskeletal
脑坏死,Musculoskeletal
脑垂体衰竭征,Dis_Digestive
脑塞,Musculoskeletal
脑外伤,Musculoskeletal
脑多发性萎缩,Musculoskeletal
脑干出血,cvd
脑干受伤,Inj_Unintentional
脑干损伤,Inj_Unintentional
脑干炎,Inj_Unintentional
脑干的脑内出血,Inj_Unintentional
脑挫伤,Musculoskeletal
脑挫裂伤脊柱骨折肋骨多处骨折,Musculoskeletal
脑损伤,Musculoskeletal
脑栓塞,Musculoskeletal
脑栓塞伴继发出血,cvd
脑死亡,Musculoskeletal
脑水肿,Musculoskeletal
脑溢血,Musculoskeletal
脑溢血后遗症,cvd
脑溢血复发,Musculoskeletal
脑溢血昏迷,Dis_Digestive
脑溢血脑内出血,Musculoskeletal
脑炎脊髓炎和脑脊髓炎,Inf_other
脑疝,Musculoskeletal
脑疝终末状态,Inj_Unintentional
脑病,Inj_Unintentional
脑瘫,Musculoskeletal
脑积水,Inj_Unintentional
脑积血,Musculoskeletal
脑肝等广泛转移,Musculoskeletal
脑脑血管意外,Inj_Unintentional
脑萎缩,Dis_Neurological
脑血栓,Musculoskeletal
脑血栓形成,cvd
脑血管出血,cvd
脑血管意外,Inj_Unintentional
脑血管意外再次发作,cvd
脑血管意外后,Inj_Unintentional
脑血管意外后遗症,cvd
脑血管意外呼吸衰竭,Inj_Unintentional
脑血管意外的障碍,Inj_Unintentional
脑血管意外脑出血,cvd
脑血管意外脑积水,Inj_Unintentional
脑血管疾病脑内出血,cvd
脑血管病,cvd
脑血管病后遗症,cvd
脑血管破裂,cvd
脑血管破裂出血,cvd
脑谥血,Musculoskeletal
脑转移,Musculoskeletal
脑部损伤,Musculoskeletal
脑部转移,Musculoskeletal
脑骨纵隔淋巴结和肝多发转移,Musculoskeletal
脓毒性休克,Musculoskeletal
脓毒性休克病,Musculoskeletal
脓毒症,Musculoskeletal
脓毒症合并多脏器功能衰竭,Inj_Unintentional
脓毒血症,Musculoskeletal
脚部受伤骨折,Musculoskeletal
脾损伤,Musculoskeletal
脾破裂大出血,cvd
脾脏出血,Dis_Digestive
腰1椎体转移,Musculoskeletal
腰椎和骨盆其他和未特指部位的骨折,Musculoskeletal
腰椎和骨盆多处骨折,Musculoskeletal
腰椎瘫痪,Musculoskeletal
腰椎间隙感染,Skin
腰椎骨折,Musculoskeletal
腰背部外伤,Musculoskeletal
腰部椎骨骨折,Musculoskeletal
腰部脊柱和骨盆其他和部位的骨折,Musculoskeletal
腰部转移,Musculoskeletal
腰骶神经根疾患不可归类在他处者,Inj_Unintentional
腹水,Dis_Digestive
腹泻,Dis_Digestive
腹泻急性胃肠炎,Dis_Digestive
腹股沟疝伴有坏疽,Dis_Digestive
腹胀,Musculoskeletal
腹腔.肝转移,Dis_Digestive
腹腔感染,Dis_Digestive
腹腔淋巴结肝转移,Musculoskeletal
腹腔转移,Dis_Digestive
腹膜后血肿,Dis_Digestive
腹膜炎,Dis_Digestive
腹膜转移,Dis_Digestive
腹部、下背和骨盆其他和未特指部位的创伤性切断,Inj_Unintentional
腹部、下背和骨盆未特指的损伤,Inj_Unintentional
腹部其他和未特指部位的开放性伤口,Inj_Unintentional
腹部器官破裂,cvd
腹部转移恶化,Musculoskeletal
腹部闭合性损伤,Inj_Unintentional
腿外伤,Musculoskeletal
膀胱,Urinary_maleinfertility
膀胱Ca,Urinary_maleinfertility
臂骨折后遗症,Musculoskeletal
自发性张力性气胸,Musculoskeletal
自发性气胸,Musculoskeletal
自服安眠药中毒,Inj_Unintentional
自服有机磷农药中毒,Inj_Unintentional
自杀,Inj_Unintentional
自杀溺水,Inj_Unintentional
自杀窒息,Inj_Unintentional
自焚烧死,Musculoskeletal
自然死,Musculoskeletal
自然死亡,Musculoskeletal
自然死亡原因不明,Inj_Unintentional
自然死亡原因不明确,Inj_Unintentional
自缢,Musculoskeletal
自缢窒息,Musculoskeletal
致重症肺炎,Inf_resp
舒乐安定中毒,Inj_Unintentional
芦港村,Musculoskeletal
药物中毒,Musculoskeletal
药物性胃出血,Dis_Digestive
获得性免疫缺陷综合征,Congenitalbirthdefects
菌血症,Musculoskeletal
营养不良,Inj_Unintentional
营养不良导致心律失常,cvd
营养不良心律失常,cvd
营养不良性电解质紊乱,Endocrinemetabolicimmune
营养不良致心律失常,cvd
营养不良致心率失常,Inj_Unintentional
营养性消瘦,Musculoskeletal
营养性贫血,Hemoglobinopathies_hemolytic
落入游泳池后淹溺和沉没在场所,Inj_Unintentional
落入自然水域后淹溺和沉没在其他特指的场地,Inj_Unintentional
落入自然水域后淹溺和沉没在家,Inj_Unintentional
蕈样肉芽肿,Musculoskeletal
蛇毒液的毒性效应,Inj_Unintentional
蛋白缺乏性贫血,Hemoglobinopathies_hemolytic
蛋白质--能量营养不良症,Inj_Unintentional
蛛网膜下出血,cvd
蛛网膜下腔出血,cvd
血三系减少症,Endocrinemetabolicimmune
血压性心脏病,cvd
血友病,Endocrinemetabolicimmune
血容量不足性休克,Musculoskeletal
血容量减少性休克,Endocrinemetabolicimmune
血小板减少,Endocrinemetabolicimmune
血小板减少性紫癜,Endocrinemetabolicimmune
血小板减少症,Endocrinemetabolicimmune
血小板增多症,Endocrinemetabolicimmune
血栓,cvd
血气胸,Musculoskeletal
血浆蛋白未特指的异常,Congenitalbirthdefects
血液系统疾病,Musculoskeletal
血液造血器官及免疫的疾病,Endocrinemetabolicimmune
血管性痴呆,Dis_Neurological
血管性痴呆的,Dis_Neurological
血管舒张性休克,Musculoskeletal
血糖控制不良致酮症酸中毒,Endocrinemetabolicimmune
行人在与小汽车轻型货车或篷车碰撞中的损伤交通事故,Inj_Transport
行人在与重型运输车或公共汽车碰撞中的损伤交通事故,Inj_Transport
衰老,Musculoskeletal
衰老死亡,Musculoskeletal
衰老而死,Musculoskeletal
被人杀害,Musculoskeletal
被人颈部用小刀刺杀,Musculoskeletal
被描述为心脏性猝死,cvd
裖疮感染,Skin
褥疮,Skin
褥疮伴感染,Skin
褥疮伴败血症,Musculoskeletal
褥疮导致全身感染,Skin
褥疮导致败血症,Musculoskeletal
褥疮引起感染,Skin
褥疮引起败血症,Musculoskeletal
褥疮性溃疡,Skin
褥疮感染,Skin
褥疮感染多器官衰弱,Skin
褥疮感染引发败血症,Skin
褥疮感染引起,Skin
褥疮感染引起的败血症,Skin
褥疮感染引起败血症,Skin
褥疮感染至败血症,Skin
褥疮感染致电解质紊乱,Inj_Unintentional
褥疮感染致败血症,Skin
褥疮感染败血症,Skin
褥疮病,Skin
褥疮破溃感染,Skin
褥疮致感染性休克,Inj_Unintentional
褥疮致败血症,Musculoskeletal
褥疮败血症,Musculoskeletal
触电,Musculoskeletal
触电死,Musculoskeletal
触电死亡,Musculoskeletal
诊断不明,Musculoskeletal
贝耳麻痹,Senseorgan
败血压,Musculoskeletal
败血病,Musculoskeletal
败血症,Musculoskeletal
败血症褥疮,Musculoskeletal
败血症？,Musculoskeletal
账血症,Endocrinemetabolicimmune
贫血,Hemoglobinopathies_hemolytic
走路被大卡车幢,Musculoskeletal
足溃疡,Dis_Digestive
足溃疡下肢溃疡感染,Skin
足皮肤感染,Skin
足部2°烫伤感染,Skin
足部皮肤软组织感染,Skin
跌倒损伤肌肉,Inj_Unintentional
跳井,Musculoskeletal
跳楼自杀,Musculoskeletal
踝和足二度腐蚀伤,Musculoskeletal
踝和足其他部位的挤压伤,Musculoskeletal
踝骨骨折,Musculoskeletal
身体未特指部位的挤压伤和创伤性切断,Inj_Unintentional
身体未特指部位的烧伤,Inj_Unintentional
身体未特指部位的骨折,Musculoskeletal
身体部位的骨折,Musculoskeletal
躯干创伤性切断,Musculoskeletal
躯干未特指的损伤,Inj_Unintentional
躯干浅表损伤,Musculoskeletal
躯干皮肤感染,Skin
车祸,Musculoskeletal
车祸头胸腹多处损伤,Inj_Unintentional
车祸头部外伤,Skin
车祸意外,Inj_Unintentional
车祸损伤,Musculoskeletal
车祸致内脏出血,Dis_Digestive
车祸致重度颅脑损伤,Inj_Unintentional
车轮碾压头部,Skin
转子下骨折,Musculoskeletal
转移到肠道引起肠梗阻,Dis_Digestive
转移到胃,Musculoskeletal
转移致肝脏,Musculoskeletal
输尿管膀胱腹腔等广泛转移,Urinary_maleinfertility
过敏性休克,Musculoskeletal
运动神经元病,Musculoskeletal
运动神经元病变,Musculoskeletal
运动神经萎缩,Dis_Digestive
进行性营养不良,Inj_Unintentional
进行肺炎,Inf_resp
进食困难,Musculoskeletal
进食障碍的,Dis_Mental
进餐时年糕误入气管而窒息,Inj_Unintentional
造血器官疾病,Endocrinemetabolicimmune
邻居发现已死亡家中,Musculoskeletal
部位未特指的颅骨和面骨骨折,Musculoskeletal
酒精中毒,Dis_Substanceuse
酒精急性中毒,Inj_Unintentional
酒精性肝硬化,Dis_Digestive
酒精意外中毒,Inj_Unintentional
酒精损害,Musculoskeletal
酒精毒性效应,Inj_Unintentional
酒精肝引发上消化道大出血,Musculoskeletal
酮症算中毒,Inj_Unintentional
酮症酸中毒,Endocrinemetabolicimmune
酮症酸中毒伴昏迷,Endocrinemetabolicimmune
酮症酸中毒昏迷,Endocrinemetabolicimmune
酸中毒,Endocrinemetabolicimmune
酸碱平衡紊乱,Musculoskeletal
醇的毒性效应,Inj_Unintentional
重型创伤性颅内损伤脑疝,Inj_Unintentional
重型胸部损伤,Inj_Unintentional
重型颅脑损伤,Inj_Unintentional
重度心肺损伤伴多发性肋骨骨折,Inj_Unintentional
重度挫伤,Musculoskeletal
重度挫裂伤,Musculoskeletal
重度烧伤,Inj_Unintentional
重度精神发育迟缓,Inj_Unintentional
重度肺炎电解质紊乱中毒性休克,Inj_Unintentional
重度胸外伤,Musculoskeletal
重度胸部损伤,Inj_Unintentional
重度脑挫伤,Musculoskeletal
重度脑损伤,Musculoskeletal
重度脱水,Musculoskeletal
重度营养不良致心律失常,Inj_Unintentional
重度贫血,Hemoglobinopathies_hemolytic
重度颅脑挫伤,Musculoskeletal
重度颅脑损伤,Inj_Unintentional
重度颅脑损伤脑疝,Inj_Unintentional
重性肌营养不良,Inj_Unintentional
重物压伤胸腹部,Musculoskeletal
重物砸伤,Inj_Unintentional
重症皮肌炎,Musculoskeletal
重症肌无力,Inj_Unintentional
重症肝炎,Dis_Digestive
重症肺挫伤,Musculoskeletal
重症肺炎,Inf_resp
重症胰腺炎,Dis_Digestive
金黄色葡萄球菌性败血症,Musculoskeletal
铁及其化合物中毒,Inj_Unintentional
锁骨肩胛骨和肱骨多处骨折,Musculoskeletal
镇癫痫药镇静-催眠剂抗震颤麻痹药和对精神有影响的药物的故意自毒及暴露于该类药家,Inj_Unintentional
镇静类药物中毒,Musculoskeletal
长期卧床引起的褥疮,Inj_Unintentional
长期卧床引起的褥疮感染,Skin
长期卧床肺部感染,Skin
长期卧床致坠积性肺炎,Inf_resp
长期卧床致褥疮感染引起败血症,Inj_Unintentional
长期卧床褥疮感染,Skin
门静脉高压症出血,cvd
闭塞性周围动脉粥样硬化,cvd
间质性肺炎,chronic_resp
间质性肺病,Musculoskeletal
阴囊脓肿软组织感染,Skin
阴道出血,Gynecological
阻塞性化脓性胆管炎,Dis_Digestive
阻塞性肺气肿,chronic_resp
阻塞性肺病,Musculoskeletal
阻塞性胆囊炎,Dis_Digestive
阻塞性胆管炎,Dis_Digestive
阻塞性黄疸,Dis_Digestive
阻塞性黄疸化脓性胆管胆囊炎,Dis_Digestive
阻塞性黄胆,Musculoskeletal
阿兹海默症,Musculoskeletal
阿尔兹海默病,Musculoskeletal
阿尔海默茨综合征,Congenitalbirthdefects
阿尔茨海默病,Musculoskeletal
阿尔茨海默病性痴呆的Ｇ30.9,Dis_Neurological
阿尔茨海默症,Musculoskeletal
除莠剂和杀真菌药的毒性效应,Inj_Unintentional
雷电击死,Musculoskeletal
雷电效应,Inj_Unintentional
震风,Musculoskeletal
非器质性睡眠-觉醒节律障碍,Inj_Unintentional
非感染性胃肠炎和结肠炎,Dis_Digestive
非霍奇金弥漫大B细胞性Ⅳ期A组,Musculoskeletal
非霍奇金淋巴结,Musculoskeletal
顶骨右颞骨骨折,Musculoskeletal
颅中窝骨折,Musculoskeletal
颅中窝骨折颅内出血,cvd
颅中窝骨析,Musculoskeletal
颅内出血,cvd
颅内出血非创伤性,cvd
颅内出血颅内损伤,Inj_Unintentional
颅内出血颅脑损伤,Inj_Unintentional
颅内出雪,Musculoskeletal
颅内占位性损害,Inj_Unintentional
颅内占位性病变,Inj_Unintentional
颅内大出血,Musculoskeletal
颅内大量出血,cvd
颅内弥漫性出血,cvd
颅内感染,Skin
颅内损伤,Inj_Unintentional
颅内损伤伴有延长的昏迷,Inj_Unintentional
颅内损伤后遗症,Inj_Unintentional
颅内损伤颅内出血,Inj_Unintentional
颅内脓肿和肉芽肿,Skin
颅内转移,Musculoskeletal
颅内骨折,Musculoskeletal
颅内高压,Inj_Unintentional
颅内高压致脑疝,Inj_Unintentional
颅底出血,Dis_Digestive
颅底骨折,Musculoskeletal
颅底骨折脑挫裂伤,Musculoskeletal
颅底骨拆,Congenitalbirthdefects
颅底骨骨折,Musculoskeletal
颅脑严重损伤,Inj_Unintentional
颅脑出血,Dis_Digestive
颅脑外伤,Musculoskeletal
颅脑外伤内脏破裂四肢粉碎性骨折,Inj_Unintentional
颅脑外伤？,Musculoskeletal
颅脑开放性损伤,Inj_Unintentional
颅脑挫伤,Musculoskeletal
颅脑损伤,Inj_Unintentional
颅脑损伤特重型,Inj_Unintentional
颅脑损伤蛛网膜下腔出血,cvd
颅脑损伤颅内出血,Inj_Unintentional
颅脑损伤？失血性休克,Inj_Unintentional
颅脑重度损伤,Inj_Unintentional
颅脑骨折,Musculoskeletal
颅骨和面骨骨折后遗症,Musculoskeletal
颅骨和面骨骨折部位,Musculoskeletal
颅骨挤压伤,Musculoskeletal
颅骨挫裂颅骨和面骨骨折部位,Inj_Unintentional
颅骨碎裂,Musculoskeletal
颅骨穹隆骨折,Musculoskeletal
颅骨粉碎性骨折,Musculoskeletal
颅骨骨折,Musculoskeletal
颅骨骨折伴出血,Dis_Digestive
颅骨骨折颅内出血,cvd
颈动脉弯管和杈的蛛网膜下出血,cvd
颈动脉损伤,Inj_Unintentional
颈椎坏死,Musculoskeletal
颈椎多处骨折,Musculoskeletal
颈椎摔伤致全身瘫痪,Inj_Unintentional
颈椎断裂,Musculoskeletal
颈椎脱位,Musculoskeletal
颈部不全离断重度胸部损伤,Inj_Unintentional
颈部多处开放性伤口,Musculoskeletal
颈部未特指的损伤,Inj_Unintentional
颈部脊髓其他和未特指的损伤,Inj_Unintentional
颈部部位未特指的骨折,Musculoskeletal
风湿性关节炎,Musculoskeletal
风湿性心肌炎,cvd
风湿性心脏病,cvd
食欲不振,Musculoskeletal
食欲缺乏,Endocrinemetabolicimmune
食物中毒,Inf_Enteric
食物和呕吐物引起的肺炎,Inf_resp
食物噎死,Musculoskeletal
食物窒息,Musculoskeletal
食管,Dis_Digestive
食管内异物,Dis_Digestive
食管占位,Dis_Digestive
食管梗阻,Dis_Digestive
食管胃底静脉曲张破裂,Dis_Digestive
食管胃底静脉曲张破裂出血,Dis_Digestive
食管胃底静脉曲张破裂性出血,Dis_Digestive
食管静脉大出血,Dis_Digestive
食管静脉曲张伴有出血,Dis_Digestive
食管静脉破裂出血,Dis_Digestive
食管静脉破裂大出血,Dis_Digestive
食管静脉破裂食管静脉曲张,Dis_Digestive
食道大出血,Musculoskeletal
食道梗阻,Dis_Digestive
食道胃底静脉破裂出血,cvd
食道静脉曲张破裂大出血,Dis_Digestive
饥饿,Musculoskeletal
饥饿效应,Musculoskeletal
饥饿未进食,Musculoskeletal
饭粒卡住气管窒息,Inj_Unintentional
饮酒过量,Musculoskeletal
骑电瓶与大型货车发生车祸,Musculoskeletal
骑电瓶车与大卡车相撞,Musculoskeletal
骑脚踏车人员在脚踏车与行人碰撞中的损伤,Inj_Transport
骨折,Musculoskeletal
骨折继发感染,Musculoskeletal
骨折继发感染败血病,Musculoskeletal
骨盆粉碎性骨折,Musculoskeletal
骨盆骨折,Musculoskeletal
骨盆骨折继发感染,Musculoskeletal
骨肺左肾腹腔淋巴结多发转移,Musculoskeletal
骨脑胸膜多发转移,Musculoskeletal
骨转移,Musculoskeletal
骨髓增生异常综合征,Endocrinemetabolicimmune
骨髓增生异常综合症,Endocrinemetabolicimmune
骨髓异常增生综合征,Endocrinemetabolicimmune
骨髓炎,Musculoskeletal
骨髓纤维化,Endocrinemetabolicimmune
骶尾区Ⅳ期褥疮感染,Skin
髂骨骨折,Musculoskeletal
髋关节骨折,Musculoskeletal
髋挫伤,Musculoskeletal
高处坠落,Inj_Unintentional
高处坠落伤,Inj_Unintentional
高尿酸肾病,Chronickidney
高心病,Musculoskeletal
高渗性昏迷,Endocrinemetabolicimmune
高热,Musculoskeletal
高热待查,Musculoskeletal
高热？,Musculoskeletal
高血压,Chronickidney
高血压危象,Endocrinemetabolicimmune
高血压引起脑卒中多年卧床,Inj_Unintentional
高血压心性脏病,Inj_Unintentional
高血压心脏病,Chronickidney
高血压心脏病不伴有(充血性)心力衰竭,Chronickidney
高血压心脏病伴有(充血性)心力衰竭,Chronickidney
高血压性心力衰竭,Chronickidney
高血压性心脏病,Chronickidney
高血压性心脏病不伴有充血性心力衰竭,Chronickidney
高血压性心脏病伴有充血性心力衰竭,Chronickidney
高血压性心脏病心力衰竭,Chronickidney
高血压性心脏病？,Chronickidney
高血压性心脑病,Inj_Unintentional
高血压性的心脏病,Chronickidney
高血压性肾脏病不伴有肾衰竭,Chronickidney
高血压性肾脏病伴有肾衰竭,Chronickidney
高血压性肾衰竭,Chronickidney
高血压性脑病,Inj_Unintentional
高血压病,Musculoskeletal
高血压脑病,Inj_Unintentional
高血病性脏病,Musculoskeletal
高血脂症,Musculoskeletal
高钾血症,Musculoskeletal
麻痹性痴呆,Dis_Neurological
麻痹性肠梗阻,Dis_Digestive
麻痹综合征,Congenitalbirthdefects
麻醉意外,Inj_Unintentional
鼻咽壁NOS,Musculoskeletal
